<?xml version="1.0" encoding="UTF-8"?>
<!DOCTYPE mapper PUBLIC "-//mybatis.org//DTD Mapper 3.0//EN" "http://mybatis.org/dtd/mybatis-3-mapper.dtd">

<mapper namespace="com.dao.BeikaojingyanDao">

	<!-- 可根据自己的需求，是否要使用 -->
    <resultMap type="com.entity.BeikaojingyanEntity" id="beikaojingyanMap">
        <result property="biaoti" column="biaoti"/>
        <result property="fengmian" column="fengmian"/>
        <result property="jianjie" column="jianjie"/>
        <result property="neirong" column="neirong"/>
        <result property="faburiqi" column="faburiqi"/>
    </resultMap>

	<select id="selectListVO"
		resultType="com.entity.vo.BeikaojingyanVO" >
		SELECT * FROM beikaojingyan  beikaojingyan         
        <where> 1=1 ${ew.sqlSegment}</where>
	</select>
	
	<select id="selectVO"
		resultType="com.entity.vo.BeikaojingyanVO" >
		SELECT  beikaojingyan.* FROM beikaojingyan  beikaojingyan 	
 		<where> 1=1 ${ew.sqlSegment}</where>
	</select>

    <select id="selectListView"
		resultType="com.entity.view.BeikaojingyanView" >

		SELECT  beikaojingyan.* FROM beikaojingyan  beikaojingyan 	        
        <where> 1=1 ${ew.sqlSegment}</where>
	</select>
	
	<select id="selectView"
		resultType="com.entity.view.BeikaojingyanView" >
		SELECT * FROM beikaojingyan  beikaojingyan <where> 1=1 ${ew.sqlSegment}</where>
	</select>
	

</mapper>
