<?xml version="1.0" encoding="UTF-8"?>
<!DOCTYPE mapper PUBLIC "-//mybatis.org//DTD Mapper 3.0//EN" "http://mybatis.org/dtd/mybatis-3-mapper.dtd">

<mapper namespace="com.dao.CepingxinxiDao">

	<!-- 可根据自己的需求，是否要使用 -->
    <resultMap type="com.entity.CepingxinxiEntity" id="cepingxinxiMap">
        <result property="biaoti" column="biaoti"/>
        <result property="tupian" column="tupian"/>
        <result property="cepingtimu" column="cepingtimu"/>
        <result property="cepingjianjie" column="cepingjianjie"/>
        <result property="faburiqi" column="faburiqi"/>
    </resultMap>

	<select id="selectListVO"
		resultType="com.entity.vo.CepingxinxiVO" >
		SELECT * FROM cepingxinxi  cepingxinxi         
        <where> 1=1 ${ew.sqlSegment}</where>
	</select>
	
	<select id="selectVO"
		resultType="com.entity.vo.CepingxinxiVO" >
		SELECT  cepingxinxi.* FROM cepingxinxi  cepingxinxi 	
 		<where> 1=1 ${ew.sqlSegment}</where>
	</select>

    <select id="selectListView"
		resultType="com.entity.view.CepingxinxiView" >

		SELECT  cepingxinxi.* FROM cepingxinxi  cepingxinxi 	        
        <where> 1=1 ${ew.sqlSegment}</where>
	</select>
	
	<select id="selectView"
		resultType="com.entity.view.CepingxinxiView" >
		SELECT * FROM cepingxinxi  cepingxinxi <where> 1=1 ${ew.sqlSegment}</where>
	</select>
	

</mapper>
