<?xml version="1.0" encoding="UTF-8"?>
<!DOCTYPE mapper PUBLIC "-//mybatis.org//DTD Mapper 3.0//EN" "http://mybatis.org/dtd/mybatis-3-mapper.dtd">

<mapper namespace="com.dao.DakaxinxiDao">

	<!-- 可根据自己的需求，是否要使用 -->
    <resultMap type="com.entity.DakaxinxiEntity" id="dakaxinxiMap">
        <result property="dakabianhao" column="dakabianhao"/>
        <result property="biaoti" column="biaoti"/>
        <result property="yonghuzhanghao" column="yonghuzhanghao"/>
        <result property="yonghuxingming" column="yonghuxingming"/>
        <result property="dakashijian" column="dakashijian"/>
        <result property="dakabeizhu" column="dakabeizhu"/>
    </resultMap>

	<select id="selectListVO"
		resultType="com.entity.vo.DakaxinxiVO" >
		SELECT * FROM dakaxinxi  dakaxinxi         
        <where> 1=1 ${ew.sqlSegment}</where>
	</select>
	
	<select id="selectVO"
		resultType="com.entity.vo.DakaxinxiVO" >
		SELECT  dakaxinxi.* FROM dakaxinxi  dakaxinxi 	
 		<where> 1=1 ${ew.sqlSegment}</where>
	</select>

    <select id="selectListView"
		resultType="com.entity.view.DakaxinxiView" >

		SELECT  dakaxinxi.* FROM dakaxinxi  dakaxinxi 	        
        <where> 1=1 ${ew.sqlSegment}</where>
	</select>
	
	<select id="selectView"
		resultType="com.entity.view.DakaxinxiView" >
		SELECT * FROM dakaxinxi  dakaxinxi <where> 1=1 ${ew.sqlSegment}</where>
	</select>
	

</mapper>
