<?xml version="1.0" encoding="UTF-8"?>
<!DOCTYPE mapper PUBLIC "-//mybatis.org//DTD Mapper 3.0//EN" "http://mybatis.org/dtd/mybatis-3-mapper.dtd">

<mapper namespace="com.dao.KaoyandaojishiDao">

	<!-- 可根据自己的需求，是否要使用 -->
    <resultMap type="com.entity.KaoyandaojishiEntity" id="kaoyandaojishiMap">
        <result property="biaoti" column="biaoti"/>
        <result property="fengmian" column="fengmian"/>
        <result property="daojishi" column="daojishi"/>
        <result property="neirong" column="neirong"/>
        <result property="fabushijian" column="fabushijian"/>
    </resultMap>

	<select id="selectListVO"
		resultType="com.entity.vo.KaoyandaojishiVO" >
		SELECT * FROM kaoyandaojishi  kaoyandaojishi         
        <where> 1=1 ${ew.sqlSegment}</where>
	</select>
	
	<select id="selectVO"
		resultType="com.entity.vo.KaoyandaojishiVO" >
		SELECT  kaoyandaojishi.* FROM kaoyandaojishi  kaoyandaojishi 	
 		<where> 1=1 ${ew.sqlSegment}</where>
	</select>

    <select id="selectListView"
		resultType="com.entity.view.KaoyandaojishiView" >

		SELECT  kaoyandaojishi.* FROM kaoyandaojishi  kaoyandaojishi 	        
        <where> 1=1 ${ew.sqlSegment}</where>
	</select>
	
	<select id="selectView"
		resultType="com.entity.view.KaoyandaojishiView" >
		SELECT * FROM kaoyandaojishi  kaoyandaojishi <where> 1=1 ${ew.sqlSegment}</where>
	</select>
	

</mapper>
