<?xml version="1.0" encoding="UTF-8"?>
<!DOCTYPE mapper PUBLIC "-//mybatis.org//DTD Mapper 3.0//EN" "http://mybatis.org/dtd/mybatis-3-mapper.dtd">

<mapper namespace="com.dao.KaoyanzhengceDao">

	<!-- 可根据自己的需求，是否要使用 -->
    <resultMap type="com.entity.KaoyanzhengceEntity" id="kaoyanzhengceMap">
        <result property="biaoti" column="biaoti"/>
        <result property="fengmian" column="fengmian"/>
        <result property="diqu" column="diqu"/>
        <result property="kaoyanxuzhi" column="kaoyanxuzhi"/>
        <result property="zhengceneirong" column="zhengceneirong"/>
        <result property="faburiqi" column="faburiqi"/>
        <result property="clicktime" column="clicktime"/>
        <result property="clicknum" column="clicknum"/>
    </resultMap>

	<select id="selectListVO"
		resultType="com.entity.vo.KaoyanzhengceVO" >
		SELECT * FROM kaoyanzhengce  kaoyanzhengce         
        <where> 1=1 ${ew.sqlSegment}</where>
	</select>
	
	<select id="selectVO"
		resultType="com.entity.vo.KaoyanzhengceVO" >
		SELECT  kaoyanzhengce.* FROM kaoyanzhengce  kaoyanzhengce 	
 		<where> 1=1 ${ew.sqlSegment}</where>
	</select>

    <select id="selectListView"
		resultType="com.entity.view.KaoyanzhengceView" >

		SELECT  kaoyanzhengce.* FROM kaoyanzhengce  kaoyanzhengce 	        
        <where> 1=1 ${ew.sqlSegment}</where>
	</select>
	
	<select id="selectView"
		resultType="com.entity.view.KaoyanzhengceView" >
		SELECT * FROM kaoyanzhengce  kaoyanzhengce <where> 1=1 ${ew.sqlSegment}</where>
	</select>
	

</mapper>
