<?xml version="1.0" encoding="UTF-8"?>
<!DOCTYPE mapper PUBLIC "-//mybatis.org//DTD Mapper 3.0//EN" "http://mybatis.org/dtd/mybatis-3-mapper.dtd">

<mapper namespace="com.dao.LinianzhentiDao">

	<!-- 可根据自己的需求，是否要使用 -->
    <resultMap type="com.entity.LinianzhentiEntity" id="linianzhentiMap">
        <result property="biaoti" column="biaoti"/>
        <result property="fengmian" column="fengmian"/>
        <result property="nianfen" column="nianfen"/>
        <result property="timuleibie" column="timuleibie"/>
        <result property="neirong" column="neirong"/>
    </resultMap>

	<select id="selectListVO"
		resultType="com.entity.vo.LinianzhentiVO" >
		SELECT * FROM linianzhenti  linianzhenti         
        <where> 1=1 ${ew.sqlSegment}</where>
	</select>
	
	<select id="selectVO"
		resultType="com.entity.vo.LinianzhentiVO" >
		SELECT  linianzhenti.* FROM linianzhenti  linianzhenti 	
 		<where> 1=1 ${ew.sqlSegment}</where>
	</select>

    <select id="selectListView"
		resultType="com.entity.view.LinianzhentiView" >

		SELECT  linianzhenti.* FROM linianzhenti  linianzhenti 	        
        <where> 1=1 ${ew.sqlSegment}</where>
	</select>
	
	<select id="selectView"
		resultType="com.entity.view.LinianzhentiView" >
		SELECT * FROM linianzhenti  linianzhenti <where> 1=1 ${ew.sqlSegment}</where>
	</select>
	

</mapper>
