<?xml version="1.0" encoding="UTF-8"?>
<!DOCTYPE mapper PUBLIC "-//mybatis.org//DTD Mapper 3.0//EN" "http://mybatis.org/dtd/mybatis-3-mapper.dtd">

<mapper namespace="com.dao.YuanxiaoxinxiDao">

	<!-- 可根据自己的需求，是否要使用 -->
    <resultMap type="com.entity.YuanxiaoxinxiEntity" id="yuanxiaoxinxiMap">
        <result property="yuanxiaomingcheng" column="yuanxiaomingcheng"/>
        <result property="yuanxiaotupian" column="yuanxiaotupian"/>
        <result property="yuanxiaozhuanye" column="yuanxiaozhuanye"/>
        <result property="fuzeren" column="fuzeren"/>
        <result property="lianxidianhua" column="lianxidianhua"/>
        <result property="yuanxiaodizhi" column="yuanxiaodizhi"/>
        <result property="zhaoshengrenshu" column="zhaoshengrenshu"/>
        <result property="fenshuxian" column="fenshuxian"/>
        <result property="chengliriqi" column="chengliriqi"/>
        <result property="zhaoshengjianjie" column="zhaoshengjianjie"/>
        <result property="yuanxiaojianjie" column="yuanxiaojianjie"/>
        <result property="clicktime" column="clicktime"/>
        <result property="clicknum" column="clicknum"/>
    </resultMap>

	<select id="selectListVO"
		resultType="com.entity.vo.YuanxiaoxinxiVO" >
		SELECT * FROM yuanxiaoxinxi  yuanxiaoxinxi         
        <where> 1=1 ${ew.sqlSegment}</where>
	</select>
	
	<select id="selectVO"
		resultType="com.entity.vo.YuanxiaoxinxiVO" >
		SELECT  yuanxiaoxinxi.* FROM yuanxiaoxinxi  yuanxiaoxinxi 	
 		<where> 1=1 ${ew.sqlSegment}</where>
	</select>

    <select id="selectListView"
		resultType="com.entity.view.YuanxiaoxinxiView" >

		SELECT  yuanxiaoxinxi.* FROM yuanxiaoxinxi  yuanxiaoxinxi 	        
        <where> 1=1 ${ew.sqlSegment}</where>
	</select>
	
	<select id="selectView"
		resultType="com.entity.view.YuanxiaoxinxiView" >
		SELECT * FROM yuanxiaoxinxi  yuanxiaoxinxi <where> 1=1 ${ew.sqlSegment}</where>
	</select>
	

</mapper>
