<?xml version="1.0" encoding="UTF-8"?>
<!DOCTYPE mapper PUBLIC "-//mybatis.org//DTD Mapper 3.0//EN" "http://mybatis.org/dtd/mybatis-3-mapper.dtd">

<mapper namespace="com.dao.ZaixiancepingDao">

	<!-- 可根据自己的需求，是否要使用 -->
    <resultMap type="com.entity.ZaixiancepingEntity" id="zaixiancepingMap">
        <result property="biaoti" column="biaoti"/>
        <result property="ceshijieguo" column="ceshijieguo"/>
        <result property="ceshishijian" column="ceshishijian"/>
        <result property="yonghuzhanghao" column="yonghuzhanghao"/>
        <result property="yonghuxingming" column="yonghuxingming"/>
        <result property="sfsh" column="sfsh"/>
        <result property="shhf" column="shhf"/>
    </resultMap>

	<select id="selectListVO"
		resultType="com.entity.vo.ZaixiancepingVO" >
		SELECT * FROM zaixianceping  zaixianceping         
        <where> 1=1 ${ew.sqlSegment}</where>
	</select>
	
	<select id="selectVO"
		resultType="com.entity.vo.ZaixiancepingVO" >
		SELECT  zaixianceping.* FROM zaixianceping  zaixianceping 	
 		<where> 1=1 ${ew.sqlSegment}</where>
	</select>

    <select id="selectListView"
		resultType="com.entity.view.ZaixiancepingView" >

		SELECT  zaixianceping.* FROM zaixianceping  zaixianceping 	        
        <where> 1=1 ${ew.sqlSegment}</where>
	</select>
	
	<select id="selectView"
		resultType="com.entity.view.ZaixiancepingView" >
		SELECT * FROM zaixianceping  zaixianceping <where> 1=1 ${ew.sqlSegment}</where>
	</select>
	

</mapper>
